{
	"pattrstorage" : 	{
		"name" : "config_de_base",
		"slots" : 		{
			"1" : 			{
				"id" : 1,
				"data" : 				{
					"mixer::master::mute[1]" : [ 0 ],
					"mixer::master::master_level" : [ -17.410970992512169 ],
					"oscConfig::u170010855" : [ 1.5 ],
					"oscConfig::u794010857" : [ 400.0 ],
					"oscConfig::u341010859" : [ 0.0 ],
					"oscConfig::u711010861" : [ 1 ],
					"oscConfig::u430010863" : [ 0.0 ],
					"oscConfig::u451010865" : [ 1.0 ],
					"oscConfig::u018010873" : [ 1.974209845066071 ],
					"oscConfig::u116010875" : [ 0.0 ],
					"oscConfig::u639010877" : [ 1 ],
					"oscConfig::u543010879" : [ 0.0 ],
					"oscConfig::osc_source::OSC_mute" : [ 0 ],
					"oscConfig::osc_source::OSC_early_level" : [ 0.0 ],
					"oscConfig::osc_source::OSC_early_on" : [ 0 ],
					"oscConfig::osc_source::OSC_direct_level" : [ 0.0 ],
					"oscConfig::osc_source::OSC_direct_on" : [ 1 ],
					"oscConfig::osc_source::OSC_late_level" : [ 0.0 ],
					"oscConfig::osc_source::OSC_late_on" : [ 1 ],
					"oscConfig::osc_source::OSC_y" : [ 2.800000011920929 ],
					"oscConfig::osc_source::OSC_x" : [ -1.166667258366942 ],
					"oscConfig::osc_source::OSC_direct_courbure" : [ 0.0 ],
					"oscConfig::osc_source::OSC_early_density" : [ 0.0 ],
					"oscConfig::osc_source::OSC_early_size" : [ 1.0 ],
					"oscConfig::osc_source::OSC_name" : [ "MainL" ],
					"SDN9::t60" : [ 1.5 ],
					"SDN9::scale" : [ 400.0 ],
					"SDN9::level" : [ 0.0 ],
					"SDN9::bypass" : [ 1 ],
					"SDN9::cluster" : [ 0.0 ],
					"SDN9::courbure" : [ 1.0 ],
					"SDN9::mod" : [ 1.974209845066071 ],
					"SDN9::n1_x" : [ -9.200000753626227 ],
					"SDN9::n1_y" : [ 6.066666543483734 ],
					"SDN9::n2_x" : [ -4.766667475923896 ],
					"SDN9::n2_y" : [ 9.000000059604645 ],
					"SDN9::n3_x" : [ 0.366666028276086 ],
					"SDN9::n3_y" : [ 9.199999868869781 ],
					"SDN9::n4_x" : [ 5.96666575409472 ],
					"SDN9::n4_y" : [ 6.866666376590729 ],
					"SDN9::n6_x" : [ 0.799999395385385 ],
					"SDN9::n6_y" : [ -9.099999964237213 ],
					"SDN9::n7_x" : [ -9.333333959802985 ],
					"SDN9::n7_y" : [ -1.333333402872086 ],
					"SDN9::n8_x" : [ 8.666666159406304 ],
					"SDN9::n8_y" : [ -4.300000071525574 ],
					"SDN9::n9_x" : [ -6.833333959802985 ],
					"SDN9::n9_y" : [ -7.899999916553497 ],
					"SDN9::n5_x" : [ 8.866665968671441 ],
					"SDN9::n5_y" : [ 2.033333331346512 ],
					"SDN9::early_courbure" : [ 0.0 ],
					"SDN9::early_level" : [ 0.0 ],
					"SDN9::early_bypass" : [ 1 ],
					"spatializer::objectInfoAux::activeName" : [ "Source" ]
				}

			}

		}

	}

}
