{
	"pattrstorage" : 	{
		"name" : "config_de_base",
		"slots" : 		{
			"1" : 			{
				"id" : 1,
				"data" : 				{
					"mixer::master::mute[1]" : [ 0 ],
					"mixer::master::master_level" : [ 0.0 ],
					"mixer::source1::early_density" : [ 0.447803914546967 ],
					"mixer::source1::y" : [ 2.348065573031727 ],
					"mixer::source1::delay" : [ 0.0 ],
					"mixer::source1::early_on" : [ 1 ],
					"mixer::source1::delay_compensation" : [ 0 ],
					"mixer::source1::gain" : [ -6.0 ],
					"mixer::source1::solo" : [ 0 ],
					"mixer::source1::late_on" : [ 1 ],
					"mixer::source1::nom" : [ "MainL" ],
					"mixer::source1::direct_level" : [ 0.0 ],
					"mixer::source1::gain_compensation" : [ 1 ],
					"mixer::source1::mute" : [ 0 ],
					"mixer::source1::early_size" : [ 1.0 ],
					"mixer::source1::direct_on" : [ 1 ],
					"mixer::source1::early_level" : [ 1.330421447753906 ],
					"mixer::source1::late_level" : [ 0.061334609985352 ],
					"mixer::source1::direct_courbure" : [ -1.0 ],
					"mixer::source1::x" : [ -0.92755447403601 ],
					"mixer::source2::solo" : [ 0 ],
					"mixer::source2::nom" : [ "MainR" ],
					"mixer::source2::gain" : [ -6.0 ],
					"mixer::source2::x" : [ 1.072445555766312 ],
					"mixer::source2::gain_compensation" : [ 1 ],
					"mixer::source2::early_size" : [ 1.0 ],
					"mixer::source2::delay_compensation" : [ 0 ],
					"mixer::source2::direct_courbure" : [ -1.0 ],
					"mixer::source2::late_on" : [ 1 ],
					"mixer::source2::mute" : [ 0 ],
					"mixer::source2::y" : [ 2.281398969943348 ],
					"mixer::source2::early_level" : [ 1.181405067443848 ],
					"mixer::source2::direct_level" : [ 0.0 ],
					"mixer::source2::early_density" : [ 0.398506581783295 ],
					"mixer::source2::direct_on" : [ 1 ],
					"mixer::source2::early_on" : [ 1 ],
					"mixer::source2::delay" : [ 0.0 ],
					"mixer::source2::late_level" : [ 0.0 ],
					"mixer::source3::direct_on" : [ 1 ],
					"mixer::source3::solo" : [ 0 ],
					"mixer::source3::early_size" : [ 1.5 ],
					"mixer::source3::early_level" : [ 1.599999999999994 ],
					"mixer::source3::gain" : [ -6.0 ],
					"mixer::source3::late_on" : [ 1 ],
					"mixer::source3::delay" : [ 0.0 ],
					"mixer::source3::gain_compensation" : [ 1 ],
					"mixer::source3::early_on" : [ 1 ],
					"mixer::source3::early_density" : [ 0.7 ],
					"mixer::source3::delay_compensation" : [ 0 ],
					"mixer::source3::nom" : [ "Vx1" ],
					"mixer::source3::late_level" : [ 3.0 ],
					"mixer::source3::direct_courbure" : [ -1.0 ],
					"mixer::source3::y" : [ 4.148065644557302 ],
					"mixer::source3::mute" : [ 0 ],
					"mixer::source3::x" : [ 1.972445517023293 ],
					"mixer::source3::direct_level" : [ 0.0 ],
					"mixer::source4::mute" : [ 0 ],
					"mixer::source4::delay" : [ 0.0 ],
					"mixer::source4::gain_compensation" : [ 1 ],
					"mixer::source4::direct_courbure" : [ -1.0 ],
					"mixer::source4::early_on" : [ 1 ],
					"mixer::source4::delay_compensation" : [ 0 ],
					"mixer::source4::late_level" : [ 3.240461826324463 ],
					"mixer::source4::early_size" : [ 1.63659992814064 ],
					"mixer::source4::direct_level" : [ 0.0 ],
					"mixer::source4::nom" : [ "Vx2" ],
					"mixer::source4::early_level" : [ 5.772229671478271 ],
					"mixer::source4::late_on" : [ 1 ],
					"mixer::source4::x" : [ 0.172445557256428 ],
					"mixer::source4::y" : [ 4.681398767287557 ],
					"mixer::source4::gain" : [ -6.0 ],
					"mixer::source4::direct_on" : [ 1 ],
					"mixer::source4::solo" : [ 0 ],
					"mixer::source4::early_density" : [ 0.713450849056244 ],
					"mixer::source5::early_level" : [ 1.630993366241455 ],
					"mixer::source5::gain_compensation" : [ 1 ],
					"mixer::source5::gain" : [ -6.0 ],
					"mixer::source5::delay" : [ 0.0 ],
					"mixer::source5::early_density" : [ 0.7 ],
					"mixer::source5::solo" : [ 0 ],
					"mixer::source5::y" : [ 4.24806554918987 ],
					"mixer::source5::early_on" : [ 1 ],
					"mixer::source5::delay_compensation" : [ 0 ],
					"mixer::source5::mute" : [ 0 ],
					"mixer::source5::direct_courbure" : [ 0.0 ],
					"mixer::source5::late_on" : [ 1 ],
					"mixer::source5::nom" : [ "Vx3" ],
					"mixer::source5::early_size" : [ 1.591123163700104 ],
					"mixer::source5::late_level" : [ 3.200000000000003 ],
					"mixer::source5::direct_on" : [ 1 ],
					"mixer::source5::direct_level" : [ 0.0 ],
					"mixer::source5::x" : [ -1.827554435292992 ],
					"mixer::source6::direct_level" : [  ],
					"mixer::source6::delay" : [  ],
					"mixer::source6::gain_compensation" : [  ],
					"mixer::source6::direct_courbure" : [  ],
					"mixer::source6::solo" : [  ],
					"mixer::source6::early_on" : [  ],
					"mixer::source6::delay_compensation" : [  ],
					"mixer::source6::x" : [  ],
					"mixer::source6::late_level" : [  ],
					"mixer::source6::gain" : [  ],
					"mixer::source6::y" : [  ],
					"mixer::source6::mute" : [  ],
					"mixer::source6::early_size" : [  ],
					"mixer::source6::late_on" : [  ],
					"mixer::source6::nom" : [  ],
					"mixer::source6::early_density" : [  ],
					"mixer::source6::direct_on" : [  ],
					"mixer::source6::early_level" : [  ],
					"mixer::source7::gain" : [  ],
					"mixer::source7::x" : [  ],
					"mixer::source7::early_level" : [  ],
					"mixer::source7::nom" : [  ],
					"mixer::source7::direct_on" : [  ],
					"mixer::source7::gain_compensation" : [  ],
					"mixer::source7::late_on" : [  ],
					"mixer::source7::direct_level" : [  ],
					"mixer::source7::mute" : [  ],
					"mixer::source7::solo" : [  ],
					"mixer::source7::early_size" : [  ],
					"mixer::source7::delay" : [  ],
					"mixer::source7::delay_compensation" : [  ],
					"mixer::source7::early_density" : [  ],
					"mixer::source7::early_on" : [  ],
					"mixer::source7::y" : [  ],
					"mixer::source7::direct_courbure" : [  ],
					"mixer::source7::late_level" : [  ],
					"mixer::source8::late_on" : [  ],
					"mixer::source8::direct_level" : [  ],
					"mixer::source8::late_level" : [  ],
					"mixer::source8::delay" : [  ],
					"mixer::source8::early_level" : [  ],
					"mixer::source8::gain_compensation" : [  ],
					"mixer::source8::nom" : [  ],
					"mixer::source8::y" : [  ],
					"mixer::source8::direct_courbure" : [  ],
					"mixer::source8::gain" : [  ],
					"mixer::source8::early_size" : [  ],
					"mixer::source8::mute" : [  ],
					"mixer::source8::solo" : [  ],
					"mixer::source8::early_density" : [  ],
					"mixer::source8::x" : [  ],
					"mixer::source8::direct_on" : [  ],
					"mixer::source8::early_on" : [  ],
					"mixer::source8::delay_compensation" : [  ],
					"oscConfig::u324020072" : [ 4.840771632108045 ],
					"oscConfig::u233020070" : [ 150.0 ],
					"oscConfig::u898020068" : [ 8.978343486785889 ],
					"oscConfig::u135020066" : [ 1 ],
					"oscConfig::u455020064" : [ 0.0 ],
					"oscConfig::u691020062" : [ 1.0 ],
					"oscConfig::u624020054" : [ 1.974209845066071 ],
					"oscConfig::u277020052" : [ 9.078537940979004 ],
					"oscConfig::u947020050" : [ 1 ],
					"oscConfig::u594020048" : [ 0.0 ],
					"oscConfig::osc_source::OSC_mute" : [ 0 ],
					"oscConfig::osc_source::OSC_early_level" : [ 1.330421447753906 ],
					"oscConfig::osc_source::OSC_early_on" : [ 1 ],
					"oscConfig::osc_source::OSC_direct_level" : [ 0.0 ],
					"oscConfig::osc_source::OSC_direct_on" : [ 1 ],
					"oscConfig::osc_source::OSC_late_level" : [ 0.061334609985352 ],
					"oscConfig::osc_source::OSC_late_on" : [ 1 ],
					"oscConfig::osc_source::OSC_y" : [ 2.348065573031727 ],
					"oscConfig::osc_source::OSC_x" : [ -0.92755447403601 ],
					"oscConfig::osc_source::OSC_direct_courbure" : [ -1.0 ],
					"oscConfig::osc_source::OSC_early_density" : [ 0.447803914546967 ],
					"oscConfig::osc_source::OSC_early_size" : [ 1.0 ],
					"oscConfig::osc_source::OSC_name" : [ "MainL" ],
					"SDN9::t60" : [ 4.840771632108045 ],
					"SDN9::scale" : [ 150.0 ],
					"SDN9::level" : [ 8.978343486785889 ],
					"SDN9::bypass" : [ 1 ],
					"SDN9::cluster" : [ 0.0 ],
					"SDN9::courbure" : [ 1.0 ],
					"SDN9::mod" : [ 1.974209845066071 ],
					"SDN9::n1_x" : [ -9.200000753626227 ],
					"SDN9::n1_y" : [ 6.066666543483734 ],
					"SDN9::n2_x" : [ -4.766667475923896 ],
					"SDN9::n2_y" : [ 9.000000059604645 ],
					"SDN9::n3_x" : [ 0.366666028276086 ],
					"SDN9::n3_y" : [ 9.199999868869781 ],
					"SDN9::n4_x" : [ 5.96666575409472 ],
					"SDN9::n4_y" : [ 6.866666376590729 ],
					"SDN9::n6_x" : [ 0.799999395385385 ],
					"SDN9::n6_y" : [ -9.099999964237213 ],
					"SDN9::n7_x" : [ -9.333333959802985 ],
					"SDN9::n7_y" : [ -1.333333402872086 ],
					"SDN9::n8_x" : [ 8.666666159406304 ],
					"SDN9::n8_y" : [ -4.300000071525574 ],
					"SDN9::n9_x" : [ -6.833333959802985 ],
					"SDN9::n9_y" : [ -7.899999916553497 ],
					"SDN9::n5_x" : [ 8.866665968671441 ],
					"SDN9::n5_y" : [ 2.033333331346512 ],
					"SDN9::early_courbure" : [ 0.0 ],
					"SDN9::early_level" : [ 9.078537940979004 ],
					"SDN9::early_bypass" : [ 1 ],
					"spatializer::objectInfoAux::activeName" : [ "Vx1" ]
				}

			}
,
			"2" : 			{
				"id" : 2,
				"data" : 				{
					"mixer::master::mute[1]" : [ 0 ],
					"mixer::master::master_level" : [ 4.891871623292019 ],
					"mixer::source1::early_density" : [ 0.724464893341064 ],
					"mixer::source1::y" : [ 2.873587058302066 ],
					"mixer::source1::delay" : [ 0.0 ],
					"mixer::source1::early_on" : [ 1 ],
					"mixer::source1::delay_compensation" : [ 0 ],
					"mixer::source1::gain" : [ -6.0 ],
					"mixer::source1::solo" : [ 0 ],
					"mixer::source1::late_on" : [ 1 ],
					"mixer::source1::nom" : [ "Voix" ],
					"mixer::source1::direct_level" : [ 7.9053955078125 ],
					"mixer::source1::gain_compensation" : [ 1 ],
					"mixer::source1::mute" : [ 0 ],
					"mixer::source1::early_size" : [ 0.6 ],
					"mixer::source1::direct_on" : [ 1 ],
					"mixer::source1::early_level" : [ 4.770316600799561 ],
					"mixer::source1::late_level" : [ 3.334243297576904 ],
					"mixer::source1::direct_courbure" : [ 0.0 ],
					"mixer::source1::x" : [ 0.029676414071527 ],
					"mixer::source2::solo" : [ 0 ],
					"mixer::source2::nom" : [ "Sax" ],
					"mixer::source2::gain" : [ -6.0 ],
					"mixer::source2::x" : [ -0.452052543727543 ],
					"mixer::source2::gain_compensation" : [ 1 ],
					"mixer::source2::early_size" : [ 1.096686407923698 ],
					"mixer::source2::delay_compensation" : [ 0 ],
					"mixer::source2::direct_courbure" : [ 0.0 ],
					"mixer::source2::late_on" : [ 1 ],
					"mixer::source2::mute" : [ 0 ],
					"mixer::source2::y" : [ 3.383652890668255 ],
					"mixer::source2::early_level" : [ 2.365729808807373 ],
					"mixer::source2::direct_level" : [ 3.735009670257568 ],
					"mixer::source2::early_density" : [ 0.459277331829071 ],
					"mixer::source2::direct_on" : [ 1 ],
					"mixer::source2::early_on" : [ 1 ],
					"mixer::source2::delay" : [ 0.0 ],
					"mixer::source2::late_level" : [ 6.306582927703857 ],
					"mixer::source3::direct_on" : [ 1 ],
					"mixer::source3::solo" : [ 0 ],
					"mixer::source3::early_size" : [ 0.6 ],
					"mixer::source3::early_level" : [ 3.516029834747314 ],
					"mixer::source3::gain" : [ -6.0 ],
					"mixer::source3::late_on" : [ 1 ],
					"mixer::source3::delay" : [ 0.0 ],
					"mixer::source3::gain_compensation" : [ 1 ],
					"mixer::source3::early_on" : [ 1 ],
					"mixer::source3::early_density" : [ 0.477207124233246 ],
					"mixer::source3::delay_compensation" : [ 0 ],
					"mixer::source3::nom" : [ "Guitar" ],
					"mixer::source3::late_level" : [ -1.040770053863525 ],
					"mixer::source3::direct_courbure" : [ 0.0 ],
					"mixer::source3::y" : [ 3.195685054940115 ],
					"mixer::source3::mute" : [ 0 ],
					"mixer::source3::x" : [ -1.434140570988396 ],
					"mixer::source3::direct_level" : [ 3.568023204803467 ],
					"mixer::source4::mute" : [ 0 ],
					"mixer::source4::delay" : [ 0.0 ],
					"mixer::source4::gain_compensation" : [ 1 ],
					"mixer::source4::direct_courbure" : [ 0.0 ],
					"mixer::source4::early_on" : [ 1 ],
					"mixer::source4::delay_compensation" : [ 0 ],
					"mixer::source4::late_level" : [ -0.740198135375977 ],
					"mixer::source4::early_size" : [ 1.078063204884529 ],
					"mixer::source4::direct_level" : [ 5.350105207091033 ],
					"mixer::source4::nom" : [ "Piano" ],
					"mixer::source4::early_level" : [ 4.235963344573975 ],
					"mixer::source4::late_on" : [ 1 ],
					"mixer::source4::x" : [ 1.262335793978036 ],
					"mixer::source4::y" : [ 3.241967916120495 ],
					"mixer::source4::gain" : [ -6.0 ],
					"mixer::source4::direct_on" : [ 1 ],
					"mixer::source4::solo" : [ 0 ],
					"mixer::source4::early_density" : [ 0.611055016517639 ],
					"mixer::source5::early_level" : [ 3.935391426086426 ],
					"mixer::source5::gain_compensation" : [ 1 ],
					"mixer::source5::gain" : [ -6.0 ],
					"mixer::source5::delay" : [ 0.0 ],
					"mixer::source5::early_density" : [ 0.574015748031496 ],
					"mixer::source5::solo" : [ 0 ],
					"mixer::source5::y" : [ 3.411989986918804 ],
					"mixer::source5::early_on" : [ 0 ],
					"mixer::source5::delay_compensation" : [ 0 ],
					"mixer::source5::mute" : [ 0 ],
					"mixer::source5::direct_courbure" : [ 0.0 ],
					"mixer::source5::late_on" : [ 0 ],
					"mixer::source5::nom" : [ "Bass" ],
					"mixer::source5::early_size" : [ 1.466262400150299 ],
					"mixer::source5::late_level" : [ 3.200000000000003 ],
					"mixer::source5::direct_on" : [ 1 ],
					"mixer::source5::direct_level" : [ 1.330421447753906 ],
					"mixer::source5::x" : [ 0.440562852927655 ],
					"mixer::source6::direct_level" : [ 0.0 ],
					"mixer::source6::delay" : [ 0.0 ],
					"mixer::source6::gain_compensation" : [ 1 ],
					"mixer::source6::direct_courbure" : [ -1.0 ],
					"mixer::source6::solo" : [ 0 ],
					"mixer::source6::early_on" : [ 1 ],
					"mixer::source6::delay_compensation" : [ 0 ],
					"mixer::source6::x" : [ -0.253693550858524 ],
					"mixer::source6::late_level" : [ -5.0 ],
					"mixer::source6::gain" : [ -6.0 ],
					"mixer::source6::y" : [ 4.474627232688881 ],
					"mixer::source6::mute" : [ 0 ],
					"mixer::source6::early_size" : [ 0.6 ],
					"mixer::source6::late_on" : [ 1 ],
					"mixer::source6::nom" : [ "Conga1" ],
					"mixer::source6::early_density" : [ 0.58267716535433 ],
					"mixer::source6::direct_on" : [ 1 ],
					"mixer::source6::early_level" : [ 6.517082556827219 ],
					"mixer::source7::gain" : [ -6.0 ],
					"mixer::source7::x" : [ -0.593737518275303 ],
					"mixer::source7::early_level" : [ 6.5 ],
					"mixer::source7::nom" : [ "Conga2" ],
					"mixer::source7::direct_on" : [ 1 ],
					"mixer::source7::gain_compensation" : [ 1 ],
					"mixer::source7::late_on" : [ 1 ],
					"mixer::source7::direct_level" : [ 0.0 ],
					"mixer::source7::mute" : [ 0 ],
					"mixer::source7::solo" : [ 0 ],
					"mixer::source7::early_size" : [ 0.6 ],
					"mixer::source7::delay" : [ 0.0 ],
					"mixer::source7::delay_compensation" : [ 0 ],
					"mixer::source7::early_density" : [ 0.63779527559055 ],
					"mixer::source7::early_on" : [ 1 ],
					"mixer::source7::y" : [ 4.247931222741966 ],
					"mixer::source7::direct_courbure" : [ -1.0 ],
					"mixer::source7::late_level" : [ -5.0 ],
					"mixer::source8::late_on" : [ 0 ],
					"mixer::source8::direct_level" : [ -3.68711240991648 ],
					"mixer::source8::late_level" : [ -5.0 ],
					"mixer::source8::delay" : [ 0.0 ],
					"mixer::source8::early_level" : [ 3.302832265913324 ],
					"mixer::source8::gain_compensation" : [ 1 ],
					"mixer::source8::nom" : [ "Shaker" ],
					"mixer::source8::y" : [ 4.219594253167664 ],
					"mixer::source8::direct_courbure" : [ -1.0 ],
					"mixer::source8::gain" : [ -6.0 ],
					"mixer::source8::early_size" : [ 0.6 ],
					"mixer::source8::mute" : [ 0 ],
					"mixer::source8::solo" : [ 0 ],
					"mixer::source8::early_density" : [ 0.669291338582676 ],
					"mixer::source8::x" : [ 0.525573824988687 ],
					"mixer::source8::direct_on" : [ 1 ],
					"mixer::source8::early_on" : [ 1 ],
					"mixer::source8::delay_compensation" : [ 0 ],
					"oscConfig::u324020072" : [ 1.461665439330867 ],
					"oscConfig::u233020070" : [ 83.565233502314712 ],
					"oscConfig::u898020068" : [ 9.078537940979004 ],
					"oscConfig::u135020066" : [ 0 ],
					"oscConfig::u455020064" : [ 0.0 ],
					"oscConfig::u691020062" : [ 1.0 ],
					"oscConfig::u624020054" : [ 1.377706378698349 ],
					"oscConfig::u277020052" : [ 9.078537940979004 ],
					"oscConfig::u947020050" : [ 1 ],
					"oscConfig::u594020048" : [ -1.0 ],
					"oscConfig::osc_source::OSC_mute" : [ 0 ],
					"oscConfig::osc_source::OSC_early_level" : [ 3.516029834747314 ],
					"oscConfig::osc_source::OSC_early_on" : [ 1 ],
					"oscConfig::osc_source::OSC_direct_level" : [ 3.568023204803467 ],
					"oscConfig::osc_source::OSC_direct_on" : [ 1 ],
					"oscConfig::osc_source::OSC_late_level" : [ -1.040770053863525 ],
					"oscConfig::osc_source::OSC_late_on" : [ 1 ],
					"oscConfig::osc_source::OSC_y" : [ 3.195685054940115 ],
					"oscConfig::osc_source::OSC_x" : [ -1.434140570988396 ],
					"oscConfig::osc_source::OSC_direct_courbure" : [ 0.0 ],
					"oscConfig::osc_source::OSC_early_density" : [ 0.477207124233246 ],
					"oscConfig::osc_source::OSC_early_size" : [ 0.6 ],
					"oscConfig::osc_source::OSC_name" : [ "Guitar" ],
					"SDN9::t60" : [ 1.461665439330867 ],
					"SDN9::scale" : [ 83.565233502314712 ],
					"SDN9::level" : [ 9.078537940979004 ],
					"SDN9::bypass" : [ 0 ],
					"SDN9::cluster" : [ 0.0 ],
					"SDN9::courbure" : [ 1.0 ],
					"SDN9::mod" : [ 1.377706378698349 ],
					"SDN9::n1_x" : [ -4.18280719273303 ],
					"SDN9::n1_y" : [ 3.594685070794951 ],
					"SDN9::n2_x" : [ -2.14347382240508 ],
					"SDN9::n2_y" : [ 6.4763515657009 ],
					"SDN9::n3_x" : [ 1.00419286474075 ],
					"SDN9::n3_y" : [ 7.540351740104092 ],
					"SDN9::n4_x" : [ 3.531192783484719 ],
					"SDN9::n4_y" : [ 6.033018258792293 ],
					"SDN9::n6_x" : [ 1.536192902395985 ],
					"SDN9::n6_y" : [ -6.779314746874442 ],
					"SDN9::n7_x" : [ -7.552140087415913 ],
					"SDN9::n7_y" : [ -1.0159815588771 ],
					"SDN9::n8_x" : [ 7.299525892207884 ],
					"SDN9::n8_y" : [ -2.478981550949683 ],
					"SDN9::n9_x" : [ -4.448807335426549 ],
					"SDN9::n9_y" : [ -5.892648133057228 ],
					"SDN9::n5_x" : [ 5.570526351998113 ],
					"SDN9::n5_y" : [ 3.151351763886344 ],
					"SDN9::early_courbure" : [ -1.0 ],
					"SDN9::early_level" : [ 9.078537940979004 ],
					"SDN9::early_bypass" : [ 1 ],
					"spatializer::objectInfoAux::activeName" : [ "Piano" ]
				}

			}
,
			"3" : 			{
				"id" : 3,
				"data" : 				{
					"mixer::master::mute[1]" : [ 0 ],
					"mixer::master::master_level" : [ 1.660375560299656 ],
					"mixer::source1::early_density" : [ 0.447803914546967 ],
					"mixer::source1::y" : [ 3.07626782911037 ],
					"mixer::source1::delay" : [ 0.0 ],
					"mixer::source1::early_on" : [ 1 ],
					"mixer::source1::delay_compensation" : [ 0 ],
					"mixer::source1::gain" : [ -6.0 ],
					"mixer::source1::solo" : [ 0 ],
					"mixer::source1::late_on" : [ 1 ],
					"mixer::source1::nom" : [ "Sax" ],
					"mixer::source1::direct_level" : [ 0.0 ],
					"mixer::source1::gain_compensation" : [ 1 ],
					"mixer::source1::mute" : [ 0 ],
					"mixer::source1::early_size" : [ 1.502630650997162 ],
					"mixer::source1::direct_on" : [ 1 ],
					"mixer::source1::early_level" : [ 7.041316509246826 ],
					"mixer::source1::late_level" : [ 2.799891471862793 ],
					"mixer::source1::direct_courbure" : [ 0.0 ],
					"mixer::source1::x" : [ -1.319087784012571 ],
					"mixer::source2::solo" : [ 0 ],
					"mixer::source2::nom" : [ "Guitar" ],
					"mixer::source2::gain" : [ -6.0 ],
					"mixer::source2::x" : [ 1.67712438959685 ],
					"mixer::source2::gain_compensation" : [ 1 ],
					"mixer::source2::early_size" : [ 0.803948014974594 ],
					"mixer::source2::delay_compensation" : [ 0 ],
					"mixer::source2::direct_courbure" : [ 0.0 ],
					"mixer::source2::late_on" : [ 1 ],
					"mixer::source2::mute" : [ 0 ],
					"mixer::source2::y" : [ 3.208176556735777 ],
					"mixer::source2::early_level" : [ 4.035581588745117 ],
					"mixer::source2::direct_level" : [ -2.476843357086182 ],
					"mixer::source2::early_density" : [ 0.459277331829071 ],
					"mixer::source2::direct_on" : [ 1 ],
					"mixer::source2::early_on" : [ 1 ],
					"mixer::source2::delay" : [ 0.0 ],
					"mixer::source2::late_level" : [ 6.473567962646484 ],
					"mixer::source3::direct_on" : [ 1 ],
					"mixer::source3::solo" : [ 0 ],
					"mixer::source3::early_size" : [ 1.5 ],
					"mixer::source3::early_level" : [ 1.599999999999994 ],
					"mixer::source3::gain" : [ -6.0 ],
					"mixer::source3::late_on" : [ 0 ],
					"mixer::source3::delay" : [ 0.0 ],
					"mixer::source3::gain_compensation" : [ 1 ],
					"mixer::source3::early_on" : [ 0 ],
					"mixer::source3::early_density" : [ 0.7 ],
					"mixer::source3::delay_compensation" : [ 0 ],
					"mixer::source3::nom" : [ "Kick" ],
					"mixer::source3::late_level" : [ 3.0 ],
					"mixer::source3::direct_courbure" : [ -1.0 ],
					"mixer::source3::y" : [ 3.830031925294342 ],
					"mixer::source3::mute" : [ 0 ],
					"mixer::source3::x" : [ -0.018844692560059 ],
					"mixer::source3::direct_level" : [ 0.0 ],
					"mixer::source4::mute" : [ 0 ],
					"mixer::source4::delay" : [ 0.0 ],
					"mixer::source4::gain_compensation" : [ 1 ],
					"mixer::source4::direct_courbure" : [ -1.0 ],
					"mixer::source4::early_on" : [ 1 ],
					"mixer::source4::delay_compensation" : [ 0 ],
					"mixer::source4::late_level" : [ 0.0 ],
					"mixer::source4::early_size" : [ 0.798017250975286 ],
					"mixer::source4::direct_level" : [ 0.0 ],
					"mixer::source4::nom" : [ "Snare" ],
					"mixer::source4::early_level" : [ 6.329088243110576 ],
					"mixer::source4::late_on" : [ 1 ],
					"mixer::source4::x" : [ 0.395725572450583 ],
					"mixer::source4::y" : [ 4.395355057979608 ],
					"mixer::source4::gain" : [ -6.0 ],
					"mixer::source4::direct_on" : [ 1 ],
					"mixer::source4::solo" : [ 0 ],
					"mixer::source4::early_density" : [ 0.713450849056244 ],
					"mixer::source5::early_level" : [ 6.620832659311858 ],
					"mixer::source5::gain_compensation" : [ 1 ],
					"mixer::source5::gain" : [ -6.0 ],
					"mixer::source5::delay" : [ 0.0 ],
					"mixer::source5::early_density" : [ 0.574015748031496 ],
					"mixer::source5::solo" : [ 0 ],
					"mixer::source5::y" : [ 4.583796074128129 ],
					"mixer::source5::early_on" : [ 1 ],
					"mixer::source5::delay_compensation" : [ 0 ],
					"mixer::source5::mute" : [ 0 ],
					"mixer::source5::direct_courbure" : [ -1.0 ],
					"mixer::source5::late_on" : [ 0 ],
					"mixer::source5::nom" : [ "HH" ],
					"mixer::source5::early_size" : [ 0.9651389117316 ],
					"mixer::source5::late_level" : [ 3.200000000000003 ],
					"mixer::source5::direct_on" : [ 1 ],
					"mixer::source5::direct_level" : [ 0.0 ],
					"mixer::source5::x" : [ 1.168333763931429 ],
					"mixer::source6::direct_level" : [ 0.0 ],
					"mixer::source6::delay" : [ 0.0 ],
					"mixer::source6::gain_compensation" : [ 1 ],
					"mixer::source6::direct_courbure" : [ -1.0 ],
					"mixer::source6::solo" : [ 0 ],
					"mixer::source6::early_on" : [ 0 ],
					"mixer::source6::delay_compensation" : [ 0 ],
					"mixer::source6::x" : [ -0.810296989867743 ],
					"mixer::source6::late_level" : [ 0.0 ],
					"mixer::source6::gain" : [ -6.0 ],
					"mixer::source6::y" : [ 4.678016497962686 ],
					"mixer::source6::mute" : [ 0 ],
					"mixer::source6::early_size" : [ 1.0 ],
					"mixer::source6::late_on" : [ 0 ],
					"mixer::source6::nom" : [ "Tom" ],
					"mixer::source6::early_density" : [ 0.0 ],
					"mixer::source6::direct_on" : [ 1 ],
					"mixer::source6::early_level" : [ 0.0 ],
					"mixer::source7::gain" : [ -6.0 ],
					"mixer::source7::x" : [ 0.866828154941737 ],
					"mixer::source7::early_level" : [ 0.0 ],
					"mixer::source7::nom" : [ "Crash" ],
					"mixer::source7::direct_on" : [ 1 ],
					"mixer::source7::gain_compensation" : [ 1 ],
					"mixer::source7::late_on" : [ 1 ],
					"mixer::source7::direct_level" : [ 0.0 ],
					"mixer::source7::mute" : [ 0 ],
					"mixer::source7::solo" : [ 0 ],
					"mixer::source7::early_size" : [ 1.0 ],
					"mixer::source7::delay" : [ 0.0 ],
					"mixer::source7::delay_compensation" : [ 0 ],
					"mixer::source7::early_density" : [ 0.0 ],
					"mixer::source7::early_on" : [ 0 ],
					"mixer::source7::y" : [ 3.924252433368602 ],
					"mixer::source7::direct_courbure" : [ -1.0 ],
					"mixer::source7::late_level" : [ 0.0 ],
					"mixer::source8::late_on" : [ 1 ],
					"mixer::source8::direct_level" : [ 0.0 ],
					"mixer::source8::late_level" : [ 0.0 ],
					"mixer::source8::delay" : [ 0.0 ],
					"mixer::source8::early_level" : [ 0.0 ],
					"mixer::source8::gain_compensation" : [ 1 ],
					"mixer::source8::nom" : [ "Ride" ],
					"mixer::source8::y" : [ 3.905408348601691 ],
					"mixer::source8::direct_courbure" : [ -1.0 ],
					"mixer::source8::gain" : [ -6.0 ],
					"mixer::source8::early_size" : [ 1.0 ],
					"mixer::source8::mute" : [ 0 ],
					"mixer::source8::solo" : [ 0 ],
					"mixer::source8::early_density" : [ 0.0 ],
					"mixer::source8::x" : [ -0.716076481793482 ],
					"mixer::source8::direct_on" : [ 1 ],
					"mixer::source8::early_on" : [ 0 ],
					"mixer::source8::delay_compensation" : [ 0 ],
					"oscConfig::u324020072" : [ 4.33482040437559 ],
					"oscConfig::u233020070" : [ 150.0 ],
					"oscConfig::u898020068" : [ 8.978343486785889 ],
					"oscConfig::u135020066" : [ 1 ],
					"oscConfig::u455020064" : [ 0.0 ],
					"oscConfig::u691020062" : [ 1.0 ],
					"oscConfig::u624020054" : [ 2.882105112075806 ],
					"oscConfig::u277020052" : [ 9.078537940979004 ],
					"oscConfig::u947020050" : [ 1 ],
					"oscConfig::u594020048" : [ 0.0 ],
					"oscConfig::osc_source::OSC_mute" : [ 0 ],
					"oscConfig::osc_source::OSC_early_level" : [ 7.041316509246826 ],
					"oscConfig::osc_source::OSC_early_on" : [ 1 ],
					"oscConfig::osc_source::OSC_direct_level" : [ 0.0 ],
					"oscConfig::osc_source::OSC_direct_on" : [ 1 ],
					"oscConfig::osc_source::OSC_late_level" : [ 2.799891471862793 ],
					"oscConfig::osc_source::OSC_late_on" : [ 1 ],
					"oscConfig::osc_source::OSC_y" : [ 3.07626782911037 ],
					"oscConfig::osc_source::OSC_x" : [ -1.319087784012571 ],
					"oscConfig::osc_source::OSC_direct_courbure" : [ 0.0 ],
					"oscConfig::osc_source::OSC_early_density" : [ 0.447803914546967 ],
					"oscConfig::osc_source::OSC_early_size" : [ 1.502630650997162 ],
					"oscConfig::osc_source::OSC_name" : [ "Sax" ],
					"SDN9::t60" : [ 4.33482040437559 ],
					"SDN9::scale" : [ 150.0 ],
					"SDN9::level" : [ 8.978343486785889 ],
					"SDN9::bypass" : [ 1 ],
					"SDN9::cluster" : [ 0.0 ],
					"SDN9::courbure" : [ 1.0 ],
					"SDN9::mod" : [ 2.882105112075806 ],
					"SDN9::n1_x" : [ -9.200000753626227 ],
					"SDN9::n1_y" : [ 6.066666543483734 ],
					"SDN9::n2_x" : [ -4.766667475923896 ],
					"SDN9::n2_y" : [ 9.000000059604645 ],
					"SDN9::n3_x" : [ 0.366666028276086 ],
					"SDN9::n3_y" : [ 9.199999868869781 ],
					"SDN9::n4_x" : [ 5.96666575409472 ],
					"SDN9::n4_y" : [ 6.866666376590729 ],
					"SDN9::n6_x" : [ 0.799999395385385 ],
					"SDN9::n6_y" : [ -9.099999964237213 ],
					"SDN9::n7_x" : [ -9.333333959802985 ],
					"SDN9::n7_y" : [ -1.333333402872086 ],
					"SDN9::n8_x" : [ 8.666666159406304 ],
					"SDN9::n8_y" : [ -4.300000071525574 ],
					"SDN9::n9_x" : [ -6.833333959802985 ],
					"SDN9::n9_y" : [ -7.899999916553497 ],
					"SDN9::n5_x" : [ 8.866665968671441 ],
					"SDN9::n5_y" : [ 2.033333331346512 ],
					"SDN9::early_courbure" : [ 0.0 ],
					"SDN9::early_level" : [ 9.078537940979004 ],
					"SDN9::early_bypass" : [ 1 ],
					"spatializer::objectInfoAux::activeName" : [ "Guitar" ]
				}

			}
,
			"4" : 			{
				"id" : 4,
				"data" : 				{
					"mixer::master::mute[1]" : [ 0 ],
					"mixer::master::master_level" : [ -0.786868534188329 ],
					"mixer::source1::early_density" : [ 0.573250114917755 ],
					"mixer::source1::y" : [ 2.999296504142765 ],
					"mixer::source1::delay" : [ 0.0 ],
					"mixer::source1::early_on" : [ 1 ],
					"mixer::source1::delay_compensation" : [ 0 ],
					"mixer::source1::gain" : [ -6.0 ],
					"mixer::source1::solo" : [ 0 ],
					"mixer::source1::late_on" : [ 1 ],
					"mixer::source1::nom" : [ "Voix" ],
					"mixer::source1::direct_level" : [ 3.668214797973633 ],
					"mixer::source1::gain_compensation" : [ 1 ],
					"mixer::source1::mute" : [ 0 ],
					"mixer::source1::early_size" : [ 0.935162663459778 ],
					"mixer::source1::direct_on" : [ 1 ],
					"mixer::source1::early_level" : [ 4.868760108947754 ],
					"mixer::source1::late_level" : [ 2.031759738922119 ],
					"mixer::source1::direct_courbure" : [ 0.0 ],
					"mixer::source1::x" : [ -0.088766888870844 ],
					"mixer::source2::solo" : [ 0 ],
					"mixer::source2::nom" : [ "Sax" ],
					"mixer::source2::gain" : [ -6.0 ],
					"mixer::source2::x" : [ 1.488683120729218 ],
					"mixer::source2::gain_compensation" : [ 1 ],
					"mixer::source2::early_size" : [ 1.534690648317337 ],
					"mixer::source2::delay_compensation" : [ 0 ],
					"mixer::source2::direct_courbure" : [ 0.0 ],
					"mixer::source2::late_on" : [ 1 ],
					"mixer::source2::mute" : [ 0 ],
					"mixer::source2::y" : [ 3.038579425284871 ],
					"mixer::source2::early_level" : [ 4.302759647369385 ],
					"mixer::source2::direct_level" : [ -8.120945692062378 ],
					"mixer::source2::early_density" : [ 0.459277331829071 ],
					"mixer::source2::direct_on" : [ 1 ],
					"mixer::source2::early_on" : [ 1 ],
					"mixer::source2::delay" : [ 0.0 ],
					"mixer::source2::late_level" : [ 3.475387573242188 ],
					"mixer::source3::direct_on" : [ 1 ],
					"mixer::source3::solo" : [ 0 ],
					"mixer::source3::early_size" : [ 1.362259119749069 ],
					"mixer::source3::early_level" : [ 1.705398559570313 ],
					"mixer::source3::gain" : [ -6.0 ],
					"mixer::source3::late_on" : [ 1 ],
					"mixer::source3::delay" : [ 0.0 ],
					"mixer::source3::gain_compensation" : [ 1 ],
					"mixer::source3::early_on" : [ 1 ],
					"mixer::source3::early_density" : [ 0.477207124233246 ],
					"mixer::source3::delay_compensation" : [ 0 ],
					"mixer::source3::nom" : [ "Piano" ],
					"mixer::source3::late_level" : [ -1.69201397895813 ],
					"mixer::source3::direct_courbure" : [ 0.0 ],
					"mixer::source3::y" : [ 3.195685054940115 ],
					"mixer::source3::mute" : [ 0 ],
					"mixer::source3::x" : [ -1.434140570988396 ],
					"mixer::source3::direct_level" : [ 2.365729808807373 ],
					"mixer::source4::mute" : [ 0 ],
					"mixer::source4::delay" : [ 0.0 ],
					"mixer::source4::gain_compensation" : [ 1 ],
					"mixer::source4::direct_courbure" : [ 0.0 ],
					"mixer::source4::early_on" : [ 1 ],
					"mixer::source4::delay_compensation" : [ 0 ],
					"mixer::source4::late_level" : [ 0.0 ],
					"mixer::source4::early_size" : [ 0.798017250975286 ],
					"mixer::source4::direct_level" : [ 2.298934936523438 ],
					"mixer::source4::nom" : [ "Cb" ],
					"mixer::source4::early_level" : [ 6.329088243110576 ],
					"mixer::source4::late_on" : [ 0 ],
					"mixer::source4::x" : [ 0.697230802361608 ],
					"mixer::source4::y" : [ 3.37777328804809 ],
					"mixer::source4::gain" : [ -6.0 ],
					"mixer::source4::direct_on" : [ 1 ],
					"mixer::source4::solo" : [ 0 ],
					"mixer::source4::early_density" : [ 0.713450849056244 ],
					"mixer::source5::early_level" : [ 6.620832659311858 ],
					"mixer::source5::gain_compensation" : [ 1 ],
					"mixer::source5::gain" : [ -6.0 ],
					"mixer::source5::delay" : [ 0.0 ],
					"mixer::source5::early_density" : [ 0.574015748031496 ],
					"mixer::source5::solo" : [ 0 ],
					"mixer::source5::y" : [ 4.414198961104658 ],
					"mixer::source5::early_on" : [ 0 ],
					"mixer::source5::delay_compensation" : [ 0 ],
					"mixer::source5::mute" : [ 0 ],
					"mixer::source5::direct_courbure" : [ -1.0 ],
					"mixer::source5::late_on" : [ 0 ],
					"mixer::source5::nom" : [ "Kick" ],
					"mixer::source5::early_size" : [ 0.9651389117316 ],
					"mixer::source5::late_level" : [ 3.200000000000003 ],
					"mixer::source5::direct_on" : [ 1 ],
					"mixer::source5::direct_level" : [ 0.0 ],
					"mixer::source5::x" : [ 0.094219521202445 ],
					"mixer::source6::direct_level" : [ 0.0 ],
					"mixer::source6::delay" : [ 0.0 ],
					"mixer::source6::gain_compensation" : [ 1 ],
					"mixer::source6::direct_courbure" : [ -1.0 ],
					"mixer::source6::solo" : [ 0 ],
					"mixer::source6::early_on" : [ 1 ],
					"mixer::source6::delay_compensation" : [ 0 ],
					"mixer::source6::x" : [ 0.395725161782027 ],
					"mixer::source6::late_level" : [ 0.0 ],
					"mixer::source6::gain" : [ -6.0 ],
					"mixer::source6::y" : [ 4.696860569567143 ],
					"mixer::source6::mute" : [ 0 ],
					"mixer::source6::early_size" : [ 1.0 ],
					"mixer::source6::late_on" : [ 0 ],
					"mixer::source6::nom" : [ "Snare" ],
					"mixer::source6::early_density" : [ 0.58267716535433 ],
					"mixer::source6::direct_on" : [ 1 ],
					"mixer::source6::early_level" : [ 6.517082556827219 ],
					"mixer::source7::gain" : [ -6.0 ],
					"mixer::source7::x" : [ -0.546479971610392 ],
					"mixer::source7::early_level" : [ 0.0 ],
					"mixer::source7::nom" : [ "OHL" ],
					"mixer::source7::direct_on" : [ 1 ],
					"mixer::source7::gain_compensation" : [ 1 ],
					"mixer::source7::late_on" : [ 1 ],
					"mixer::source7::direct_level" : [ 0.0 ],
					"mixer::source7::mute" : [ 0 ],
					"mixer::source7::solo" : [ 0 ],
					"mixer::source7::early_size" : [ 1.0 ],
					"mixer::source7::delay" : [ 0.0 ],
					"mixer::source7::delay_compensation" : [ 0 ],
					"mixer::source7::early_density" : [ 0.0 ],
					"mixer::source7::early_on" : [ 0 ],
					"mixer::source7::y" : [ 4.734548739100966 ],
					"mixer::source7::direct_courbure" : [ -1.0 ],
					"mixer::source7::late_level" : [ -5.0 ],
					"mixer::source8::late_on" : [ 1 ],
					"mixer::source8::direct_level" : [ 0.0 ],
					"mixer::source8::late_level" : [ -5.0 ],
					"mixer::source8::delay" : [ 0.0 ],
					"mixer::source8::early_level" : [ 0.0 ],
					"mixer::source8::gain_compensation" : [ 1 ],
					"mixer::source8::nom" : [ "OHR" ],
					"mixer::source8::y" : [ 4.527263469706126 ],
					"mixer::source8::direct_courbure" : [ -1.0 ],
					"mixer::source8::gain" : [ -6.0 ],
					"mixer::source8::early_size" : [ 1.0 ],
					"mixer::source8::mute" : [ 0 ],
					"mixer::source8::solo" : [ 0 ],
					"mixer::source8::early_density" : [ 0.0 ],
					"mixer::source8::x" : [ 0.923360030163804 ],
					"mixer::source8::direct_on" : [ 1 ],
					"mixer::source8::early_on" : [ 0 ],
					"mixer::source8::delay_compensation" : [ 0 ],
					"oscConfig::u324020072" : [ 2.5 ],
					"oscConfig::u233020070" : [ 150.0 ],
					"oscConfig::u898020068" : [ 8.978343486785889 ],
					"oscConfig::u135020066" : [ 1 ],
					"oscConfig::u455020064" : [ 0.0 ],
					"oscConfig::u691020062" : [ 1.0 ],
					"oscConfig::u624020054" : [ 1.521124839782715 ],
					"oscConfig::u277020052" : [ 9.078537940979004 ],
					"oscConfig::u947020050" : [ 1 ],
					"oscConfig::u594020048" : [ 0.0 ],
					"oscConfig::osc_source::OSC_mute" : [ 0 ],
					"oscConfig::osc_source::OSC_early_level" : [ 6.329088243110576 ],
					"oscConfig::osc_source::OSC_early_on" : [ 1 ],
					"oscConfig::osc_source::OSC_direct_level" : [ 2.298934936523438 ],
					"oscConfig::osc_source::OSC_direct_on" : [ 1 ],
					"oscConfig::osc_source::OSC_late_level" : [ 0.0 ],
					"oscConfig::osc_source::OSC_late_on" : [ 0 ],
					"oscConfig::osc_source::OSC_y" : [ 3.37777328804809 ],
					"oscConfig::osc_source::OSC_x" : [ 0.697230802361608 ],
					"oscConfig::osc_source::OSC_direct_courbure" : [ 0.0 ],
					"oscConfig::osc_source::OSC_early_density" : [ 0.713450849056244 ],
					"oscConfig::osc_source::OSC_early_size" : [ 0.798017250975286 ],
					"oscConfig::osc_source::OSC_name" : [ "Cb" ],
					"SDN9::t60" : [ 2.5 ],
					"SDN9::scale" : [ 150.0 ],
					"SDN9::level" : [ 8.978343486785889 ],
					"SDN9::bypass" : [ 1 ],
					"SDN9::cluster" : [ 0.0 ],
					"SDN9::courbure" : [ 1.0 ],
					"SDN9::mod" : [ 1.521124839782715 ],
					"SDN9::n1_x" : [ -4.18280719273303 ],
					"SDN9::n1_y" : [ 3.594685070794951 ],
					"SDN9::n2_x" : [ -2.14347382240508 ],
					"SDN9::n2_y" : [ 6.4763515657009 ],
					"SDN9::n3_x" : [ 1.00419286474075 ],
					"SDN9::n3_y" : [ 7.540351740104092 ],
					"SDN9::n4_x" : [ 3.531192783484719 ],
					"SDN9::n4_y" : [ 6.033018258792293 ],
					"SDN9::n6_x" : [ 1.536192902395985 ],
					"SDN9::n6_y" : [ -6.779314746874442 ],
					"SDN9::n7_x" : [ -7.552140087415913 ],
					"SDN9::n7_y" : [ -1.0159815588771 ],
					"SDN9::n8_x" : [ 7.299525892207884 ],
					"SDN9::n8_y" : [ -2.478981550949683 ],
					"SDN9::n9_x" : [ -4.448807335426549 ],
					"SDN9::n9_y" : [ -5.892648133057228 ],
					"SDN9::n5_x" : [ 5.570526351998113 ],
					"SDN9::n5_y" : [ 3.151351763886344 ],
					"SDN9::early_courbure" : [ 0.0 ],
					"SDN9::early_level" : [ 9.078537940979004 ],
					"SDN9::early_bypass" : [ 1 ],
					"spatializer::objectInfoAux::activeName" : [ "Voix" ]
				}

			}

		}

	}

}
